{"kobertscore_f1": 0.6208542542787286, "type_score": 0.9765281173594131, "quality_score": 0.8125660146699266, "bleu_score": 0.020146980440097797, "perplexity_score": 0.12178590170938942}