{"kobertscore_f1": 0.6629736798822725, "type_score": 0.8634543801939059, "quality_score": 0.8397774844182871, "bleu_score": 1.0, "perplexity_score": 1.0}