{"kobertscore_f1": 0.6513548243919085, "type_score": 0.8512019777222096, "quality_score": 0.853341213912312, "bleu_score": 0.9436869231643548, "perplexity_score": 1.0}