{"kobertscore_f1": 0.6095258941728057, "type_score": 0.8949263228399196, "quality_score": 0.8152223710649742, "bleu_score": 0.23876419959812561, "perplexity_score": 1.0}