{"kobertscore_f1": 0.9444399118942731, "type_score": 0.8613803230543319, "quality_score": 0.7675991189427313, "bleu_score": 0.40302287812041115, "perplexity_score": 0.136066619290004}