{"kobertscore_f1": 0.9444399118942727, "type_score": 0.8579295154185022, "quality_score": 0.8387767988252516, "bleu_score": 1.0, "perplexity_score": 0.7349341116817711}