{"kobertscore_f1": 0.7025255582563603, "type_score": 0.9950737319721278, "quality_score": 0.945161400097229, "bleu_score": 0.13560988656619674, "perplexity_score": 0.08377121501662457}