{"kobertscore_f1": 0.9245132158590302, "type_score": 0.9265785609397944, "quality_score": 0.8383157121879535, "bleu_score": 1.0, "perplexity_score": 0.6947291430572197}