{"kobertscore_f1": 0.6582571929824562, "type_score": 0.9739766081871346, "quality_score": 0.7612865497076023, "bleu_score": 0.03360274853801169, "perplexity_score": 0.1527304483445668}