{"kobertscore_f1": 0.62085424205379, "type_score": 0.9572127139364304, "quality_score": 0.6746748166259172, "bleu_score": 0.2014698044009781, "perplexity_score": 0.8211131058389995}