{"kobertscore_f1": 0.6582571929824561, "type_score": 0.8801169590643275, "quality_score": 0.7561081871345029, "bleu_score": 0.33602748538011695, "perplexity_score": 0.6547482885573543}