{"kobertscore_f1": 0.6322893333333333, "type_score": 0.9733333333333333, "quality_score": 1.0, "bleu_score": 0.6839933333333333, "perplexity_score": 0.9533333333333334}