{"kobertscore_f1": 0.6820573333333333, "type_score": 1.0, "quality_score": 0.9791666666666666, "bleu_score": 0.70125, "perplexity_score": 0.9600000000000001}