{"kobertscore_f1": 0.501015, "type_score": 0.8, "quality_score": 0.8500000000000002, "bleu_score": 0.36523, "perplexity_score": 0.928846857149543}